id, full_name, email_address
0,Bailey Parisian,parisian_bailey@hotmail.com
1,Hillard Rutherford,hillard_rutherford@yahoo.com
2,Ova McKenzie,mckenzie.ova@gmail.com
3,Percy Grant,percy_grant@hotmail.com
4,Elliot White,white_elliot@gmail.com
5,hudson_zachary,zachary.hudson@gmail.com
6,kraig_lang,kraig_lang@gmail.com
7,blaise.treutel,blaise.treutel@yahoo.com
8,Kelli Wunsch,wunsch_kelli@gmail.com
9,Emmanuelle Schneider,schneider.emmanuelle@hotmail.com
10,Elyse Corwin,corwin_elyse@yahoo.com
11,Rickey Stracke,rickey.stracke@hotmail.com
12,Enoch McKenzie,enoch_mckenzie@hotmail.com
13,mohr_giovani,mohr_giovani@yahoo.com
14,angeline.romaguera,romaguera_angeline@hotmail.com
15,Nella Fritsch,nella.fritsch@hotmail.com
16,ortiz.leola,leola.ortiz@gmail.com
17,Ernest Mraz,mraz.ernest@hotmail.com
18,diana.waelchi,waelchi.diana@hotmail.com
19,Makenzie DuBuque,dubuque.makenzie@gmail.com
20,Easter Hoppe,easter.hoppe@gmail.com
21,Morgan Beahan,beahan_morgan@hotmail.com
22,Dariana Ortiz,ortiz_dariana@yahoo.com
23,Lue Simonis,lue_simonis@gmail.com
24,ebba_zemlak,zemlak_ebba@gmail.com
25,skiles_kadin,skiles_kadin@gmail.com
26,Zelma Hermiston,hermiston.zelma@hotmail.com
27,Alvera Smitham,smitham_alvera@hotmail.com
28,gardner.christiansen,christiansen_gardner@hotmail.com
29,matt_schultz,matt_schultz@yahoo.com
30,ona.wehner,ona_wehner@gmail.com
31,jasmin_champlin,champlin.jasmin@yahoo.com
32,Cameron Gaylord,gaylord_cameron@hotmail.com
33,Tamara Olson,olson.tamara@gmail.com
34,Eusebio Johnson,eusebio_johnson@yahoo.com
35,Harvey Spinka,harvey.spinka@hotmail.com
36,Misael Moen,moen.misael@yahoo.com
37,Michale Johnston,michale_johnston@hotmail.com
38,Jena Kirlin,jena_kirlin@hotmail.com
39,norval_bradtke,norval_bradtke@hotmail.com
40,Sven Terry,terry_sven@gmail.com
41,Kayleigh Dach,kayleigh_dach@gmail.com
42,Clint Monahan,monahan.clint@hotmail.com
43,Nola Sawayn,sawayn.nola@gmail.com
44,Destiny Hansen,hansen_destiny@hotmail.com
45,Magali Bruen,bruen.magali@yahoo.com
46,rocky.orn,orn_rocky@yahoo.com
47,Bailee Wintheiser,wintheiser.bailee@hotmail.com
48,Maximilian Reichel,maximilian.reichel@yahoo.com
49,Myron Wyman,wyman.myron@gmail.com
50,Barry Kohler,barry.kohler@gmail.com
51,Jailyn Eichmann,jailyn.eichmann@hotmail.com
52,Neoma Dach,neoma_dach@yahoo.com
53,Kiana Miller,miller.kiana@hotmail.com
54,Horacio Bode,horacio.bode@yahoo.com
55,green.violet,violet_green@hotmail.com
56,schmeler_wanda,wanda.schmeler@gmail.com
57,herman_pascale,pascale.herman@hotmail.com
58,Brycen Keeling,brycen_keeling@hotmail.com
59,Nyasia Ratke,nyasia.ratke@yahoo.com
60,Nathan Nitzsche,nitzsche_nathan@gmail.com
61,felipe.langworth,langworth_felipe@hotmail.com
62,Brannon Ward,ward_brannon@hotmail.com
63,Reva Hirthe,reva.hirthe@hotmail.com
64,Laura Haag,laura.haag@gmail.com
65,jayson.hermann,hermann.jayson@yahoo.com
66,vernice.bartell,vernice.bartell@hotmail.com
67,Evie Marquardt,marquardt.evie@yahoo.com
68,Simeon Metz,metz_simeon@hotmail.com
69,roob_alphonso,roob.alphonso@yahoo.com
70,Catalina Hyatt,catalina.hyatt@hotmail.com
71,Jillian Rau,jillian_rau@hotmail.com
72,silas.carter,carter.silas@yahoo.com
73,Troy Wisoky,troy_wisoky@yahoo.com
74,Levi Simonis,levi_simonis@hotmail.com
75,Terrill Bogisich,terrill.bogisich@yahoo.com
76,Paxton Mraz,mraz.paxton@gmail.com
77,Margarett Johns,margarett_johns@gmail.com
78,wehner_glenna,wehner_glenna@yahoo.com
79,Janessa Ortiz,janessa.ortiz@yahoo.com
